{"type":"FeatureCollection", "features": [
{"type":"Feature","geometry":null,"properties":{"IL":"Ankara","ILKOD":6,"ILCE":"Þereflikoçhisar","ILCEKOD":1658}},
{"type":"Feature","geometry":null,"properties":{"IL":"Ankara","ILKOD":6,"ILCE":"Haymana","ILCEKOD":1387}},
{"type":"Feature","geometry":null,"properties":{"IL":"Ankara","ILKOD":6,"ILCE":"Polatlý","ILCEKOD":1578}},
{"type":"Feature","geometry":null,"properties":{"IL":"Ankara","ILKOD":6,"ILCE":"Evren","ILCEKOD":1924}},
{"type":"Feature","geometry":null,"properties":{"IL":"Ankara","ILKOD":6,"ILCE":"Bala","ILCEKOD":1167}},
{"type":"Feature","geometry":null,"properties":{"IL":"Ankara","ILKOD":6,"ILCE":"Gölbaþý","ILCEKOD":1744}},
{"type":"Feature","geometry":null,"properties":{"IL":"Ankara","ILKOD":6,"ILCE":"Sincan","ILCEKOD":1747}},
{"type":"Feature","geometry":null,"properties":{"IL":"Ankara","ILKOD":6,"ILCE":"Çankaya","ILCEKOD":1231}},
{"type":"Feature","geometry":null,"properties":{"IL":"Ankara","ILKOD":6,"ILCE":"Elmadað","ILCEKOD":1302}},
{"type":"Feature","geometry":null,"properties":{"IL":"Ankara","ILKOD":6,"ILCE":"Etimesgut","ILCEKOD":1922}},
{"type":"Feature","geometry":null,"properties":{"IL":"Ankara","ILKOD":6,"ILCE":"Beypazarý","ILCEKOD":1187}},
{"type":"Feature","geometry":null,"properties":{"IL":"Ankara","ILKOD":6,"ILCE":"Ayaþ","ILCEKOD":1157}},
{"type":"Feature","geometry":null,"properties":{"IL":"Ankara","ILKOD":6,"ILCE":"Mamak","ILCEKOD":1746}},
{"type":"Feature","geometry":null,"properties":{"IL":"Ankara","ILKOD":6,"ILCE":"Altýndað","ILCEKOD":1130}},
{"type":"Feature","geometry":null,"properties":{"IL":"Ankara","ILKOD":6,"ILCE":"Yenimahalle","ILCEKOD":1723}},
{"type":"Feature","geometry":null,"properties":{"IL":"Ankara","ILKOD":6,"ILCE":"Keçiören","ILCEKOD":1745}},
{"type":"Feature","geometry":null,"properties":{"IL":"Ankara","ILKOD":6,"ILCE":"Kalecik","ILCEKOD":1427}},
{"type":"Feature","geometry":null,"properties":{"IL":"Ankara","ILKOD":6,"ILCE":"Akyurt","ILCEKOD":1872}},
{"type":"Feature","geometry":null,"properties":{"IL":"Ankara","ILKOD":6,"ILCE":"Pursaklar","ILCEKOD":2034}},
{"type":"Feature","geometry":null,"properties":{"IL":"Ankara","ILKOD":6,"ILCE":"Nallýhan","ILCEKOD":1539}},
{"type":"Feature","geometry":null,"properties":{"IL":"Ankara","ILKOD":6,"ILCE":"Kahramankazan","ILCEKOD":1815}},
{"type":"Feature","geometry":null,"properties":{"IL":"Ankara","ILKOD":6,"ILCE":"Çubuk","ILCEKOD":1260}},
{"type":"Feature","geometry":null,"properties":{"IL":"Ankara","ILKOD":6,"ILCE":"Güdül","ILCEKOD":1365}},
{"type":"Feature","geometry":null,"properties":{"IL":"Ankara","ILKOD":6,"ILCE":"Kýzýlcahamam","ILCEKOD":1473}},
{"type":"Feature","geometry":null,"properties":{"IL":"Ankara","ILKOD":6,"ILCE":"Çamlýdere","ILCEKOD":1227}}
]}